UNITID,OPEID,opeid6,INSTNM,CITY,STABBR,INSTURL
100654,100200,1002,Alabama A & M University,Normal,AL,www.aamu.edu/
100663,105200,1052,University of Alabama at Birmingham,Birmingham,AL,www.uab.edu
100690,2503400,25034,Amridge University,Montgomery,AL,www.amridgeuniversity.edu
100706,105500,1055,University of Alabama in Huntsville,Huntsville,AL,www.uah.edu
100724,100500,1005,Alabama State University,Montgomery,AL,www.alasu.edu/email/index.aspx
100751,105100,1051,The University of Alabama,Tuscaloosa,AL,www.ua.edu/
100760,100700,1007,Central Alabama Community College,Alexander City,AL,www.cacc.edu
100812,100800,1008,Athens State University,Athens,AL,www.athens.edu
100830,831000,8310,Auburn University at Montgomery,Montgomery,AL,www.aum.edu
100858,100900,1009,Auburn University,Auburn University,AL,www.auburn.edu
100937,101200,1012,Birmingham Southern College,Birmingham,AL,www.bsc.edu/
101028,1218200,12182,Chattahoochee Valley Community College,Phenix City,AL,www.cv.edu
101073,1055400,10554,Concordia College Alabama,Selma,AL,www.ccal.edu/
101116,1303906,13039,South University-Montgomery,Montgomery,AL,southuniversity.edu
101143,101500,1015,Enterprise State Community College,Enterprise,AL,www.escc.edu
101161,106000,1060,James H Faulkner State Community College,Bay Minette,AL,www.faulknerstate.edu
101189,100300,1003,Faulkner University,Montgomery,AL,www.faulkner.edu
101240,101700,1017,Gadsden State Community College,Gadsden,AL,www.gadsdenstate.edu
101277,4187200,41872,New Beginning College of Cosmetology,Albertville,AL,www.nbccosmetology.com
101286,101800,1018,George C Wallace State Community College-Dothan,Dothan,AL,www.wallace.edu
101295,787100,7871,George C Wallace State Community College-Hanceville,Hanceville,AL,www.wallacestate.edu
101301,569900,5699,George C Wallace State Community College-Selma,Selma,AL,www.wccs.edu
101365,962107,9621,Herzing University-Birmingham,Birmingham,AL,www.herzing.edu/birmingham
101435,101900,1019,Huntingdon College,Montgomery,AL,www.huntingdon.edu
101453,2199700,21997,Heritage Christian University,Florence,AL,www.hcu.edu
101462,526000,5260,J F Drake State Community and Technical College,Huntsville,AL,www.drakestate.edu
101480,102000,1020,Jacksonville State University,Jacksonville,AL,www.jsu.edu/
101499,102100,1021,Jefferson Davis Community College,Brewton,AL,www.jdcc.edu
101505,102200,1022,Jefferson State Community College,Birmingham,AL,www.jeffstateonline.com
101514,101300,1013,John C Calhoun State Community College,Tanner,AL,www.calhoun.edu
101541,102300,1023,Judson College,Marion,AL,www.judson.edu
101569,105900,1059,Lawson State Community College-Birmingham Campus,Birmingham,AL,www.lawsonstate.edu
101587,102400,1024,University of West Alabama,Livingston,AL,www.uwa.edu
101602,898800,8988,Lurleen B Wallace Community College,Andalusia,AL,www.lbwcc.edu
101648,102600,1026,Marion Military Institute,Marion,AL,www.marionmilitary.edu
101675,102800,1028,Miles College,Fairfield,AL,www.miles.edu
101693,102900,1029,University of Mobile,Mobile,AL,www.umobile.edu
101709,100400,1004,University of Montevallo,Montevallo,AL,www.montevallo.edu
101736,569700,5697,Northwest-Shoals Community College,Muscle Shoals,AL,www.nwscc.edu
101879,101600,1016,University of North Alabama,Florence,AL,www.una.edu
101897,103100,1031,Northeast Alabama Community College,Rainsville,AL,www.nacc.edu
101912,103300,1033,Oakwood University,Huntsville,AL,www.oakwood.edu
101949,103400,1034,Alabama Southern Community College,Monroeville,AL,www.ascc.edu
101958,2296000,22960,Prince Institute-Southeast,Montgomery,AL,princeinstitute.edu
101994,569200,5692,Reid State Technical College,Evergreen,AL,www.rstc.edu
102030,103000,1030,Bishop State Community College,Mobile,AL,www.bishop.edu
102049,103600,1036,Samford University,Birmingham,AL,www.samford.edu
102058,4067300,40673,Selma University,Selma,AL,selmauniversity.org
102067,569100,5691,Shelton State Community College,Tuscaloosa,AL,www.sheltonstate.edu
102076,103800,1038,Snead State Community College,Boaz,AL,www.snead.edu
102094,105700,1057,University of South Alabama,Mobile,AL,www.southalabama.edu
102234,104100,1041,Spring Hill College,Mobile,AL,www.shc.edu
102261,2270400,22704,Southeastern Bible College,Birmingham,AL,www.sebc.edu
102270,104400,1044,Stillman College,Tuscaloosa,AL,www.stillman.edu
102298,104600,1046,Talladega College,Talladega,AL,www.talladega.edu
102313,573400,5734,H Councill Trenholm State Technical College,Montgomery,AL,www.trenholmstate.edu
102368,104700,1047,Troy University,Troy,AL,www.troy.edu
10236801,104703,1047,Troy University-Phenix City Campus,Phenix City,AL,http://www.troy.edu/locations/phenix-city-campus.html
10236802,104755,1047,Troy University-Montgomery Campus,Montgomery,AL,http://www.troy.edu/locations/montgomery-campus.html
10236803,104754,1047,Troy University-Dothan Campus,Dothan,AL,http://www.troy.edu/locations/dothan-campus.html
10236808,104700,1047,Troy University-eTROY,Troy,AL,http://www.troy.edu/etroy/online-learning.html
10236809,104700,1047,Troy University-Global Campus,Troy,AL,http://trojan.troy.edu/globalcampus/
102377,105000,1050,Tuskegee University,Tuskegee,AL,www.tuskegee.edu
102395,2170600,21706,United States Sports Academy,Daphne,AL,www.ussa.edu
102429,573300,5733,Bevill State Community College,Jasper,AL,www.bscc.edu
102553,1146200,11462,University of Alaska Anchorage,Anchorage,AK,www.uaa.alaska.edu
102580,884300,8843,Alaska Bible College,Palmer,AK,www.akbible.edu/
102614,106300,1063,University of Alaska Fairbanks,Fairbanks,AK,www.uaf.edu
102632,106500,1065,University of Alaska Southeast,Juneau,AK,www.uas.alaska.edu
102669,106100,1061,Alaska Pacific University,Anchorage,AK,www.alaskapacific.edu
102711,3160300,31603,AVTEC-Alaska s Institute of Technology,Seward,AK,www.avtec.edu/
102845,2576900,25769,Charter College-Anchorage,Anchorage,AK,www.chartercollege.edu
103361,1146205,11462,Prince William Sound Community College,Valdez,AK,www.pwscc.edu
103501,2541000,25410,Alaska Career College,Anchorage,AK,www.alaskacareercollege.edu
103644,2295000,22950,Everest College-Phoenix,Phoenix,AZ,www.everestcollegephoenix.edu
103723,2160305,21603,Collins College,Phoenix,AZ,www.collinscollege.edu
103732,2173204,21732,Empire Beauty School-Paradise Valley,Phoenix,AZ,www.empire.edu
103741,966403,9664,Empire Beauty School-Tucson,Tucson,AZ,www.empire.edu
103778,107000,1070,Thunderbird School of Global Management,Glendale,AZ,www.thunderbird.edu
10377801,107002,1070,Global MBA Latin American Managers Program Satellite Campus,Doral,FL,NULL
103787,2199900,21999,American Indian College of the Assemblies of God Inc,Phoenix,AZ,www.aicag.edu/
103811,2317800,23178,American Institute of Technology,Phoenix,AZ,www.ait-schools.com
103893,2100600,21006,Carrington College-Phoenix,Phoenix,AZ,www.carrington.edu
103909,2100611,21006,Carrington College-Mesa,Mesa,AZ,www.carrington.edu
103927,2100607,21006,Carrington College-Tucson,Tucson,AZ,www.carrington.edu
103945,3120300,31203,College America-Flagstaff,Flagstaff,AZ,www.collegeamerica.edu
103954,886400,8864,Arizona Academy of Beauty-East,Tucson,AZ,www.arizonaacademy.com
103963,1084700,10847,Arizona Automotive Institute,Glendale,AZ,www.aai.edu
104090,2218800,22188,Brookline College-Phoenix,Phoenix,AZ,www.brooklinecollege.edu
104151,108100,1081,Arizona State University-Tempe,Tempe,AZ,www.asu.edu/
104160,107100,1071,Arizona Western College,Yuma,AZ,www.azwestern.edu
104179,108300,1083,University of Arizona,Tucson,AZ,www.arizona.edu
104188,2491500,24915,Southwest University of Visual Arts-Tucson,Tucson,AZ,www.suva.edu
104294,2561900,25619,Brillare Hairdressing Academy,Scottsdale,AZ,www.brillare.com/
104346,728300,7283,Central Arizona College,Coolidge,AZ,www.centralaz.edu
104364,4051325,40513,Brown Mackie College-Tucson,Tucson,AZ,www.brownmackie.edu
104391,2280500,22805,Charles of Italy Beauty College,Lake Havasu City,AZ,www.charlesofitaly.edu
104425,107200,1072,Cochise College,Douglas,AZ,www.cochise.edu
104434,1054207,10542,Empire Beauty School-Flagstaff,Flagstaff,AZ,www.empire.edu
104443,1054208,10542,Empire Beauty School-Chandler,Chandler,AZ,www.empire.edu
104504,2582700,25827,Cortiva Institute-Tucson,Tucson,AZ,www.cortiva.com/
104568,1085800,10858,Avalon School of Cosmetology-Mesa,Mesa,AZ,www.avalon.com
104577,107300,1073,Eastern Arizona College,Thatcher,AZ,www.eac.edu
104586,147902,1479,Embry-Riddle Aeronautical University-Prescott,Prescott,AZ,www.erau.edu
104665,2533200,25332,Frank Lloyd Wright School of Architecture,Scottsdale,AZ,www.taliesin.edu
104708,107600,1076,Glendale Community College,Glendale,AZ,www.gccaz.edu
104717,107400,1074,Grand Canyon University,Phoenix,AZ,www.gcu.edu
104805,2263100,22631,Anthem College-Phoenix,Phoenix,AZ,www.anthem.edu
104911,1218400,12184,International Academy of Hair Design,Mesa,AZ,www.intlacademyaz.com/
105118,2071200,20712,Kaplan College-Phoenix,Phoenix,AZ,www.kaplancollege.com/phoenix-az/
105145,830300,8303,GateWay Community College,Phoenix,AZ,www.gatewaycc.edu
105154,107700,1077,Mesa Community College,Mesa,AZ,www.mesacc.edu
105163,732990,7329,ITT Technical Institute-Tucson,Tucson,AZ,www.itt-tech.edu
105172,732911,7329,ITT Technical Institute-Tempe,Tempe,AZ,www.itt-tech.edu
105206,1186400,11864,Mohave Community College,Kingman,AZ,www.mohave.edu
105215,2100500,21005,Universal Technical Institute of Arizona Inc-Motorcycle Mechanics Institute Division,Phoenix,AZ,www.uti.edu/
105297,824600,8246,Dine College,Tsaile,AZ,www.dinecollege.edu
105330,108200,1082,Northern Arizona University,Flagstaff,AZ,nau.edu/
105349,1186200,11862,Northland Pioneer College,Holbrook,AZ,www.npc.edu
105367,193701,1937,Ottawa University-Phoenix,Phoenix,AZ,www.ottawa.edu
105428,107800,1078,Phoenix College,Phoenix,AZ,www.phoenixcollege.edu
105482,2623800,26238,Cortiva Institute-Scottsdale,Scottsdale,AZ,www.cortiva.com/
105516,2098800,20988,University of Phoenix-Phoenix Campus,Tempe,AZ,www.phoenix.edu
105525,726600,7266,Pima Community College,Tucson,AZ,www.pima.edu
105534,2217100,22171,Pima Medical Institute-Tucson,Tucson,AZ,pmi.edu
105543,2217103,22171,Pima Medical Institute-Albuquerque,Albuquerque,NM,pmi.edu
105589,2065300,20653,Prescott College,Prescott,AZ,www.prescott.edu
105659,1168900,11689,Refrigeration School Inc,Phoenix,AZ,refrigerationschool.com
105668,2177500,21775,Rio Salado College,Tempe,AZ,www.rio.maricopa.edu
105677,2113800,21138,Roberto-Venn School of Luthiery,Phoenix,AZ,www.roberto-venn.com
105701,3005000,30050,Hair Academy of Safford,Safford,AZ,hairacademy.com
105747,830400,8304,Scottsdale Community College,Scottsdale,AZ,www.scottsdalecc.edu
105792,2146600,21466,South Mountain Community College,Phoenix,AZ,www.southmountaincc.edu
105899,711300,7113,Arizona Christian University,Phoenix,AZ,www.arizonachristian.edu
105987,446700,4467,Tucson College,Tucson,AZ,www.tucsoncollege.edu
106041,822100,8221,Universal Technical Institute of Arizona Inc,Avondale,AZ,www.uti.edu
106102,2171500,21715,Western International University,Tempe,AZ,www.west.edu
106111,945915,9459,Empire Beauty School-NW Phoenix,Glendale,AZ,www.empire.edu
106148,107900,1079,Yavapai College,Prescott,AZ,www.YC.EDU
106245,110100,1101,University of Arkansas at Little Rock,Little Rock,AR,ualr.edu/www/
106263,110900,1109,University of Arkansas for Medical Sciences,Little Rock,AR,www.uams.edu
106281,3065100,30651,ABC Beauty College Inc,Arkadelphia,AR,www.abc-beautycollege.com
106306,108700,1087,Arkansas Baptist College,Little Rock,AR,www.arkansasbaptist.edu
106315,3005100,30051,Arkansas Beauty School,Little Rock,AR,arkbeautyschool.com
106324,3997300,39973,Arkansas Beauty College,Russellville,AR,arkansasbeautycollegerussellville.com
106342,108800,1088,Lyon College,Batesville,AR,www.lyon.edu
106351,3023400,30234,Arkansas College of Barbering and Hair Design,North Little Rock,AR,www.arkansascollegeofbarbering.com
10635101,3023401,30234,Arkansas College of Barbering and Hair Design,Little Rock,AR,http://www.arkansascollegeofbarbering.com
106360,2363500,23635,Arthur s Beauty College Inc-Fort Smith,Fort Smith,AR,www.arthursbeautycollege.com
106397,110800,1108,University of Arkansas,Fayetteville,AR,www.uark.edu
106412,108600,1086,University of Arkansas at Pine Bluff,Pine Bluff,AR,www.uapb.edu
106449,109100,1091,Arkansas State University-Beebe,Beebe,AR,www.asub.edu
106458,109000,1090,Arkansas State University-Main Campus,Jonesboro,AR,www2.astate.edu
106467,108900,1089,Arkansas Tech University,Russellville,AR,www.atu.edu
106485,108500,1085,University of Arkansas at Monticello,Monticello,AR,www.uamont.edu
106494,2538500,25385,Arthur s Beauty College Inc-Jacksonville,Jacksonville,AR,arthursbeautycollege.com
106546,3105200,31052,Baptist Health Schools-Little Rock,Little Rock,AR,www.bhslr.edu
106625,2052200,20522,Black River Technical College,Pocahontas,AR,www.blackrivertech.edu
106704,109200,1092,University of Central Arkansas,Conway,AR,www.uca.edu
106713,109300,1093,Central Baptist College,Conway,AR,www.cbc.edu
106795,2220900,22209,Cossatot Community College of the University of Arkansas,De Queen,AR,www.cccua.edu/
106810,109500,1095,Crowley s Ridge College,Paragould,AR,www.crc.edu/
106829,704400,7044,Crowley s Ridge Technical Institute,Forrest City,AR,www.crti.tec.ar.us
106883,1226000,12260,East Arkansas Community College,Forrest City,AR,WWW.EACC.EDU
106892,2272400,22724,Eastern College of Health Vocations-Little Rock,Little Rock,AR,www.easterncollege.edu
106908,3124900,31249,Imagine-Paul Mitchell Partner School,North Little Rock,AR,www.pmlittlerock.com
106980,1210500,12105,National Park Community College,Hot Springs,AR,www.npcc.edu
106999,2073500,20735,University of Arkansas Community College-Batesville,Batesville,AR,www.uaccb.edu
107044,109700,1097,Harding University,Searcy,AR,www.harding.edu
10704401,109702,1097,Harding School of Theology,Memphis,TN,http://hst.edu/
107071,109800,1098,Henderson State University,Arkadelphia,AR,www.hsu.edu
107080,109900,1099,Hendrix College,Conway,AR,www.hendrix.edu
107099,3007100,30071,Hot Springs Beauty College,Hot Springs,AR,hotspringsbeautycollege.com
107123,2330800,23308,Jefferson Regional Medical Center School of Nursing,Pine Bluff,AR,www.jrmc.org
107141,110000,1100,John Brown University,Siloam Springs,AR,www.jbu.edu
107211,2525800,25258,Lees School of Cosmetology,North Little Rock,AR,LSCTraining.com
107220,2341700,23417,Career Academy of Hair Design,Springdale,AR,www.beautynwa.com
10722001,2341702,23417,Career Academy of Hair Design-Siloam Springs,Siloam Springs,AR,http://www.beautynwa.com
10722002,2341701,23417,Career Academy of Hair Design-Rogers,Rogers,AR,http://www.beautynwa.com
10722003,2341703,23417,Career Academy of Hair Design-Fayetteville,Fayetteville,AR,http://www.beautynwa.com
107275,2287400,22874,Marsha Kay Beauty College,Mountain Home,AR,marshakaybeautycollege.com
107293,1074100,10741,Academy of Salon and Spa,Fort Smith,AR,www.academysalonspa.com
107318,2348200,23482,Mid-South Community College,West Memphis,AR,www.midsouthcc.edu
107327,1286000,12860,Arkansas Northeastern College,Blytheville,AR,www.anc.edu
107363,3254300,32543,Margaret s Hair Academy Inc,Monticello,AR,NULL
107442,2284200,22842,New Tyler Barber College Inc,North Little Rock,AR,newtylerbarbercollege.com
107460,1226100,12261,North Arkansas College,Harrison,AR,www.northark.edu
107488,2073700,20737,Northwest Technical Institute,Springdale,AR,www.nwti.edu
107512,110200,1102,Ouachita Baptist University,Arkadelphia,AR,www.obu.edu
107521,997600,9976,College of the Ouachitas,Malvern,AR,www.coto.edu
107549,2087000,20870,Ozarka College,Melbourne,AR,www.ozarka.edu
107558,109400,1094,University of the Ozarks,Clarksville,AR,www.ozarks.edu
107585,524500,5245,University of Arkansas Community College-Morrilton,Morrilton,AR,www.uaccm.edu
107600,110300,1103,Philander Smith College,Little Rock,AR,www.philander.edu
107619,110400,1104,Phillips Community College of the University of Arkansas,Helena,AR,www.pccua.edu
107637,570700,5707,Southeast Arkansas College,Pine Bluff,AR,www.seark.edu
107655,2202400,22024,Professional Cosmetology Education Center,El Dorado,AR,www.professionalcosmetologyeducation.edu
107664,2075300,20753,Pulaski Technical College,North Little Rock,AR,www.pulaskitech.edu
107725,573200,5732,University of Arkansas Community College-Hope,Hope,AR,www.uacch.edu
107743,2111100,21111,Rich Mountain Community College,Mena,AR,www.rmcc.edu
107789,792100,7921,Paul Mitchell the School-Arkansas,Fayetteville,AR,www.pmtsarkansas.com
107831,2569600,25696,Searcy Beauty College Inc,Searcy,AR,searcybeautycollege.com/
107840,110500,1105,Shorter College,N Little Rock,AR,www.shortercollege.org/
107877,110600,1106,Williams Baptist College,Walnut Ridge,AR,www.wbcoll.edu
107974,2074600,20746,South Arkansas Community College,El Dorado,AR,www.southark.edu
107983,110700,1107,Southern Arkansas University Main Campus,Magnolia,AR,WWW.SAUMAG.EDU
107992,773800,7738,Southern Arkansas University Tech,Camden,AR,www.sautech.edu
108065,3214300,32143,Velvatex College of Beauty Culture,Little Rock,AR,www.velvatexcollege.com
108092,111000,1110,University of Arkansas-Fort Smith,Fort Smith,AR,uafs.edu/
108232,753100,7531,Academy of Art University,San Francisco,CA,www.academyart.edu
108250,732971,7329,ITT Technical Institute-Rancho Cordova,Rancho Cordova,CA,www.itt-tech.edu
108269,3288300,32883,Academy of Chinese Culture and Health Sciences,Oakland,CA,www.acchs.edu
108348,2342400,23424,The Academy of Radio and TV Broadcasting,Huntington Beach,CA,WWW.ARBRADIO.COM
108649,2258600,22586,Avalon School of Cosmetology-Alameda,Alameda,CA,avalon.edu
108667,672000,6720,College of Alameda,Alameda,CA,www.peralta.edu
108807,111100,1111,Allan Hancock College,Santa Maria,CA,www.hancockcollege.edu/
108852,746501,7465,American Academy of Dramatic Arts-Los Angeles,Los Angeles,CA,WWW.AADA.EDU
108861,112000,1120,American Baptist Seminary of the West,Berkeley,CA,www.absw.edu
108870,2222000,22220,American Film Institute Conservatory,Los Angeles,CA,www.AFI.com
108977,1307400,13074,American Beauty College,West Covina,CA,www.american-beauty-college.com
109040,2241800,22418,American Career College-Los Angeles,Los Angeles,CA,americancareercollege.edu/
109086,2099200,20992,American Conservatory Theater,San Francisco,CA,www.act-sf.org
109208,123200,1232,American River College,Sacramento,CA,www.arc.losrios.edu/
109332,1112100,11121,Everest College-Hayward,Hayward,CA,www.bryman.edu
109350,111300,1113,Antelope Valley College,Lancaster,CA,www.avc.edu
109651,111600,1116,Art Center College of Design,Pasadena,CA,www.artcenter.edu
109721,902200,9022,Associated Technical College-Los Angeles,Los Angeles,CA,www.atcla.edu
109730,2553500,25535,Associated Technical College-San Diego,San Diego,CA,www.associatedtechcollege.com
109785,111700,1117,Azusa Pacific University,Azusa,CA,www.apu.edu
109819,111800,1118,Bakersfield College,Bakersfield,CA,www.bakersfieldcollege.edu/
109907,111900,1119,Barstow Community College,Barstow,CA,www.barstow.edu
109934,705000,7050,Bellus Academy-National City,National City,CA,www.bellusacademy.edu
110060,3266300,32663,Bethesda University of California,Anaheim,CA,www.buc.edu
110097,112200,1122,Biola University,La Mirada,CA,www.biola.edu
110185,112300,1123,Brooks Institute,Santa Barbara,CA,www.brooks.edu
110194,2543400,25434,Brownson Technical School,Anaheim,CA,www.brownson.edu
110219,716400,7164,Bryan University,Los Angeles,CA,www.bryancollege.edu
110246,807300,8073,Butte College,Oroville,CA,www.butte.edu
110307,2237200,22372,Phillips Graduate Institute,Chatsworth,CA,pgi.edu
110316,1215400,12154,California Institute of Integral Studies,San Francisco,CA,www.ciis.edu
110334,112400,1124,Cabrillo College,Aptos,CA,www.cabrillo.edu
110361,112500,1125,California Baptist University,Riverside,CA,www.calbaptist.edu
110370,112700,1127,California College of the Arts,San Francisco,CA,www.cca.edu
110398,394700,3947,University of California-Hastings College of Law,San Francisco,CA,www.uchastings.edu
110404,113100,1131,California Institute of Technology,Pasadena,CA,www.caltech.edu
110413,113300,1133,California Lutheran University,Thousand Oaks,CA,www.callutheran.edu/
110422,114300,1143,California Polytechnic State University-San Luis Obispo,San Luis Obispo,CA,calpoly.edu
110468,1111700,11117,Alliant International University,San Diego,CA,www.alliant.edu
11046801,1111707,11117,Alliant International University-Fresno,Fresno,CA,http://www.alliant.edu
11046802,1111705,11117,Alliant International University-Los Angeles,Alhambra,CA,http://www.alliant.edu
11046803,1111706,11117,Alliant International University-San Francisco,San Francisco,CA,http://www.alliant.edu
11046804,1111704,11117,Alliant International University-Irvine,Irvine,CA,http://www.alliant.edu
11046805,1111710,11117,Alliant International University-Sacramento,Sacramento,CA,http://www.alliant.edu
110486,799300,7993,California State University-Bakersfield,Bakersfield,CA,www.csub.edu
110495,115700,1157,California State University-Stanislaus,Turlock,CA,www.csustan.edu
110510,114200,1142,California State University-San Bernardino,San Bernardino,CA,www.csusb.edu
110529,114400,1144,California State Polytechnic University-Pomona,Pomona,CA,www.csupomona.edu
110538,114600,1146,California State University-Chico,Chico,CA,www.csuchico.edu
110547,114100,1141,California State University-Dominguez Hills,Carson,CA,www.csudh.edu
110556,114700,1147,California State University-Fresno,Fresno,CA,www.csufresno.edu
110565,113700,1137,California State University-Fullerton,Fullerton,CA,www.fullerton.edu
110574,113800,1138,California State University-East Bay,Hayward,CA,www.csueastbay.edu
110583,113900,1139,California State University-Long Beach,Long Beach,CA,www.csulb.edu
110592,114000,1140,California State University-Los Angeles,Los Angeles,CA,www.calstatela.edu
110608,115300,1153,California State University-Northridge,Northridge,CA,www.csun.edu
110617,115000,1150,California State University-Sacramento,Sacramento,CA,www.csus.edu
110635,131200,1312,University of California-Berkeley,Berkeley,CA,www.berkeley.edu
110644,131300,1313,University of California-Davis,Davis,CA,www.ucdavis.edu
110653,131400,1314,University of California-Irvine,Irvine,CA,www.uci.edu/
110662,131500,1315,University of California-Los Angeles,Los Angeles,CA,www.ucla.edu/
110671,131600,1316,University of California-Riverside,Riverside,CA,WWW.UCR.EDU
110680,131700,1317,University of California-San Diego,La Jolla,CA,www.ucsd.edu
110699,131900,1319,University of California-San Francisco,San Francisco,CA,www.ucsf.edu
110705,132000,1320,University of California-Santa Barbara,Santa Barbara,CA,www.ucsb.edu
110714,132100,1321,University of California-Santa Cruz,Santa Cruz,CA,www.ucsc.edu/
110778,2267600,22676,Sofia University,Palo Alto,CA,www.sofia.edu
110875,2065700,20657,California Beauty School,Modesto,CA,www.calbeautycollege.com
110918,884400,8844,California Christian College,Fresno,CA,www.calchristiancollege.edu
110945,2110800,21108,California College San Diego,San Diego,CA,www.cc-sd.edu
111009,2220200,22202,Le Cordon Bleu College of Culinary Arts-San Francisco,San Francisco,CA,www.caculinary.edu
111054,1186500,11865,California Hair Design Academy,La Mesa,CA,chdaschools.com
111081,113200,1132,California Institute of the Arts,Valencia,CA,www.calarts.edu
111188,113400,1134,California Maritime Academy,Vallejo,CA,www.csum.edu
111391,1310300,13103,California Western School of Law,San Diego,CA,www.cwsl.edu
111434,697300,6973,Canada College,Redwood City,CA,canadacollege.edu
111461,890300,8903,College of the Canyons,Santa Clarita,CA,www.canyons.edu
111513,2125000,21250,Career Academy of Beauty,Garden Grove,CA,CAofB.com
111638,673100,6731,Casa Loma College-Van Nuys,Van Nuys,CA,www.casalomacollege.edu
11163801,673101,6731,Casa Loma College-Hawthorne,Hawthorne,CA,http://www.casalomacollege.edu
111708,2332809,23328,CET-San Diego,San Diego,CA,www.cetweb.org/index.php
111717,2332800,23328,CET-Sobrato,San Jose,CA,cetweb.org
111726,2332810,23328,CET-El Centro,El Centro,CA,cetweb.org
111744,2332814,23328,CET-San Bernardino,San Bernardino,CA,cetweb.org
111762,2332819,23328,CET-Watsonville,Watsonville,CA,www.cetweb.org
111771,2332808,23328,CET-Gilroy,Gilroy,CA,cetweb.org
111799,2332813,23328,CET-Salinas,Salinas,CA,cetweb.org
111887,116100,1161,Cerritos College,Norwalk,CA,www.cerritos.edu
111896,1011100,10111,Cerro Coso Community College,Ridgecrest,CA,cerrocoso.edu
111920,116200,1162,Chabot College,Hayward,CA,www.chabotcollege.edu
111939,116300,1163,Chaffey College,Rancho Cucamonga,CA,www.chaffey.edu
111948,116400,1164,Chapman University,Orange,CA,www.chapman.edu
111966,1036500,10365,Charles R Drew University of Medicine and Science,Los Angeles,CA,www.cdrewu.edu
112075,2070500,20705,Concordia University-Irvine,Irvine,CA,www.cui.edu
112084,1203100,12031,San Diego Christian College,El Cajon,CA,www.sdcc.edu
112127,116500,1165,Church Divinity School of the Pacific,Berkeley,CA,www.cdsp.edu
112172,116600,1166,Citrus College,Glendora,CA,www.citruscollege.edu
112181,2178700,21787,Citrus Heights Beauty College,Citris Heights,CA,www.chbeautycollege.com
112190,450200,4502,City College of San Francisco,San Francisco,CA,www.ccsf.edu
112251,116900,1169,Claremont Graduate University,Claremont,CA,www.cgu.edu
112260,117000,1170,Claremont McKenna College,Claremont,CA,www.claremontmckenna.edu/
112288,2497300,24973,Milan Institute-Visalia,Visalia,CA,www.milaninstitute.edu
112367,2309500,23095,Clovis Adult Education,Clovis,CA,www.clovisadultschool.com
112385,2063500,20635,Coastline Community College,Fountain Valley,CA,www.coastline.edu
112394,117700,1177,Cogswell College,Sunnyvale,CA,www.cogswell.edu
112446,729600,7296,Coleman University,San Diego,CA,www.coleman.edu
112455,3577300,35773,COBA Academy,Orange,CA,www.coba.edu
112525,2482700,24827,Western University of Health Sciences,Pomona,CA,www.westernu.edu
112561,770700,7707,Columbia College,Sonora,CA,www.gocolumbia.edu/
112570,2110200,21102,Columbia College-Hollywood,Tarzana,CA,www.columbiacollege.edu
112686,119701,1197,El Camino College-Compton Center,Compton,CA,www.compton.edu
112826,119000,1190,Contra Costa College,San Pablo,CA,www.contracosta.edu
113096,753600,7536,Cosumnes River College,Sacramento,CA,www.crc.losrios.edu/
113111,927200,9272,Crafton Hills College,Yucaipa,CA,www.craftonhills.edu
113193,119200,1192,Cuesta College,San Luis Obispo,CA,WWW.CUESTA.EDU
113218,2111300,21113,Cuyamaca College,El Cajon,CA,www.cuyamaca.edu
113236,119300,1193,Cypress College,Cypress,CA,www.cypresscollege.edu
113333,448000,4480,De Anza College,Cupertino,CA,www.deanza.edu/
113397,3467300,34673,Marinello Schools of Beauty-Hemet,Hemet,CA,www.marinello.com
11339701,3467305,34673,Marinello Schools of Beauty-Bell,Bell,CA,http://www.marinello.com
11339702,3467304,34673,Marinello Schools of Beauty-City of Industry,City of Industry,CA,http://www.marinello.com
11339703,3467306,34673,Marinello Schools of Beauty-Paramount,Paramount,CA,http://www.marinello.com
11339704,3467307,34673,Marinello Schools of Beauty-Huntington Beach,Huntington Beach,CA,http://www.marinello.com
11339705,3467309,34673,Marinello Schools of Beauty-Layton,Layton,UT,http://www.marinello.com
11339706,3467308,34673,Marinello Schools of Beauty-Ogden,Ogden,UT,http://www.marinello.com
11339707,3467301,34673,Marinello School of Beauty-Cathedral City,Cathedral City,CA,http://www.marinello.com
11339708,3467302,34673,Marinello School of Beauty-Murrieta,Murrieta,CA,http://www.marinello.com
11339709,3467303,34673,Marinello School of Beauty-Napa,Napa,CA,http://www.marinello.com
113449,3964400,39644,International School of Beauty Inc,Palm Desert,CA,internationalschoolofbeauty.com
113537,3025600,30256,Dell Arte International School of Physical Theatre,Blue Lake,CA,www.dellarte.com/school
113573,118200,1182,College of the Desert,Palm Desert,CA,collegeofthedesert.edu
113582,2298000,22980,Design Institute of San Diego,San Diego,CA,WWW.DISD.EDU
113634,119100,1191,Diablo Valley College,Pleasant Hill,CA,www.dvc.edu
113698,119600,1196,Dominican University of California,San Rafael,CA,www.dominican.edu
113704,129600,1296,Dominican School of Philosophy & Theology,Berkeley,CA,www.dspt.edu
113856,2226000,22260,East Los Angeles College,Monterey Park,CA,www.elac.edu/index.htm
113908,2086400,20864,Marinello Schools of Beauty-Santa Clara,Santa Clara,CA,www.marinello.com
11390801,2086401,20864,Marinello School of Beauty,Seaside,CA,http://www.marinello.com
11390802,2086402,20864,Marinello School of Beauty-San Mateo,San Mateo,CA,http://www.marinello.com
11390803,2086403,20864,Marinello School of Beauty-Hayward,Hayward,CA,http://www.marinello.com
11390804,2086404,20864,Marinello School of Beauty-Castro Valley,Castro Valley,CA,http://www.marinello.com
113980,119700,1197,El Camino Community College District,Torrance,CA,www.elcamino.edu
114044,2091200,20912,Elegance International,Hollywood,CA,ei.edu/
114071,1265000,12650,Marinello Schools of Beauty-Burbank,Burbank,CA,www.marinello.com
11407101,1265001,12650,Marinello School of Beauty-Palmdale,Palmdale,CA,http://www.marinello.com
114080,2221300,22213,Marinello Schools of Beauty-Moreno Valley,Moreno Valley,CA,www.marinello.com
11408001,2221303,22213,Marinello School of Beauty-San Rafael,San Rafael,CA,http://www.marinello.com
114114,2609000,26090,Emperor s College of Traditional Oriental Medicine,Santa Monica,CA,www.emperors.edu
114123,903200,9032,Empire College School of Business,Santa Rosa,CA,www.empcol.edu
114266,1245200,12452,Evergreen Valley College,San Jose,CA,www.evc.edu
114354,1111200,11112,Fashion Institute of Design & Merchandising-Los Angeles,Los Angeles,CA,www.fidm.edu
114390,1111202,11112,Fashion Institute of Design & Merchandising-San Francisco,San Francisco,CA,WWW.FIDM.EDU
114415,1111203,11112,Fashion Institute of Design & Merchandising-Orange County,Irvine,CA,FIDM.edu
114433,859700,8597,Feather River Community College District,Quincy,CA,www.frc.edu
114460,725300,7253,Federico Beauty Institute,Sacramento,CA,federico.edu
114549,2096100,20961,Fielding Graduate University,Santa Barbara,CA,www.fielding.edu
114585,3131300,31313,Five Branches University,Santa Cruz,CA,www.fivebranches.edu
11458501,3131301,31313,San Jose Campus,San Jose,CA,http://www.fivebranches.edu/
114628,1298500,12985,Hair California Beauty Academy,Orange,CA,www.hairca.com
114716,119900,1199,Foothill College,Los Altos Hills,CA,www.foothill.edu
114734,1179200,11792,Franciscan School of Theology,Berkeley,CA,www.fst.edu
11473401,1179201,11792,Franciscan School of Theology,Oceanside,CA,http://www.fst.edu
114761,2230900,22309,Fredrick and Charles Beauty College,Eureka,CA,www.fandcbeauty.com
114789,130700,1307,Fresno City College,Fresno,CA,www.fresnocitycollege.edu
114813,125300,1253,Fresno Pacific University,Fresno,CA,www.fresno.edu
114840,120000,1200,Fuller Theological Seminary in California,Pasadena,CA,www.fuller.edu
114859,120100,1201,Fullerton College,Fullerton,CA,www.fullcoll.edu
114938,120200,1202,Gavilan College,Gilroy,CA,www.gavilan.edu
114947,2231900,22319,Gemological Institute of America-Carlsbad,Carlsbad,CA,www.gia.edu
115001,120300,1203,Glendale Community College,Glendale,CA,www.glendale.edu
115010,2338500,23385,Glendale Career College,Glendale,CA,www.success.edu
115083,120500,1205,Golden Gate University-San Francisco,San Francisco,CA,www.ggu.edu
11508303,120518,1205,Golden Gate University-Los Angeles,Los Angeles,CA,http://www.ggu.edu/
11508305,120522,1205,Golden Gate University-Seattle,Seattle,WA,http://www.ggu.edu/
11508306,120504,1205,Golden Gate University-Silicon Valley,Santa Clara,CA,http://www.ggu.edu/
115126,120600,1206,Golden West College,Huntington Beach,CA,www.goldenwestcollege.edu
115214,120700,1207,Graduate Theological Union,Berkeley,CA,WWW.GTU.EDU
115296,120800,1208,Grossmont College,El Cajon,CA,www.grossmont.edu/
115357,2211000,22110,Salon Success Academy-San Bernardino,San Bernardino,CA,www.gotobeautyschool.com
115393,120900,1209,Hartnell College,Salinas,CA,www.hartnell.edu
115409,117100,1171,Harvey Mudd College,Claremont,CA,www.hmc.edu
115454,723411,7234,Heald College-Rancho Cordova,Rancho Cordova,CA,www.heald.edu
115472,723412,7234,Heald College-Fresno,Fresno,CA,www.heald.edu
115490,723405,7234,Heald College-San Jose,Milpitas,CA,www.heald.edu
115515,723400,7234,Heald College-San Francisco,San Francisco,CA,www.heald.edu
115533,723404,7234,Heald College-Concord,Concord,CA,www.Heald.edu
115658,2285100,22851,Hilltop Beauty School,Daly City,CA,www.hilltopbeautyschool.com
115728,118300,1183,Holy Names University,Oakland,CA,www.hnu.edu
115746,3126800,31268,Pacifica Graduate Institute,Carpinteria,CA,www.pacifica.edu
115755,114900,1149,Humboldt State University,Arcata,CA,www.humboldt.edu
115773,121200,1212,Humphreys College-Stockton and Modesto Campuses,Stockton,CA,www.humphreys.edu
11577301,121203,1212,Humphreys College-Modesto,Modesto,CA,http://humphreys.edu
115861,121400,1214,Imperial Valley College,Imperial,CA,www.imperial.edu
115931,2128300,21283,Institute for Business and Technology,Santa Clara,CA,www.ibttech.com
116226,2520300,25203,Interior Designers Institute,Newport Beach,CA,idi.edu
116350,2255400,22554,Toni & Guy Hairdressing Academy-Santa Monica,Santa Monica,CA,toniguy.com/academy/santa_monica_beauty_school/default.aspx
11635001,2255401,22554,International School of Cosmetology,Costa Mesa,CA,http://toniguy.com/academy/costa_mesa_beauty_school/default.aspx
116439,2539500,25395,Irvine Valley College,Irvine,CA,www.ivc.edu
11643901,2539501,25395,ATEP at IVC,Tustin,CA,http://www.atep.us/
116466,732981,7329,ITT Technical Institute-National City,National City,CA,www.itt-tech.edu
116475,732985,7329,ITT Technical Institute-San Dimas,San Dimas,CA,www.itt-tech.edu
116484,732909,7329,ITT Technical Institute-Orange,Orange,CA,www.itt-tech.edu
116563,1202600,12026,Bellus Academy-El Cajon,El Cajon,CA,www.bellusacademy.edu
116712,448400,4484,John F Kennedy University,Pleasant Hill,CA,www.jfku.edu
116846,274100,2741,American Jewish University,Los Angeles,CA,www.aju.edu
117052,130800,1308,Reedley College,Reedley,CA,www.reedleycollege.edu
117104,2270600,22706,Life Pacific College,San Dimas,CA,www.lifepacific.edu
117113,2179947,21799,The Art Institute of California-Argosy University San Diego,San Diego,CA,www.artinstitutes.edu/san-diego/
117140,121600,1216,University of La Verne,La Verne,CA,www.laverne.edu/
117168,2330500,23305,Laguna College of Art and Design,Laguna Beach,CA,www.lcad.edu
117195,1290700,12907,Lake Tahoe Community College,South Lake Tahoe,CA,www.ltcc.edu
117238,1301000,13010,Lancaster Beauty School,Lancaster,CA,lancasterbeautyschool.com
117247,126600,1266,Laney College,Oakland,CA,www.laney.edu/wp/
117274,121700,1217,Lassen Community College,Susanville,CA,www.lassencollege.edu/
117520,2228500,22285,Life Chiropractic College West,Hayward,CA,www.lifewest.edu
117557,697500,6975,Lincoln University,Oakland,CA,www.lincolnuca.edu
117575,3332300,33323,Southern California Seminary,El Cajon,CA,www.socalsem.edu
117627,121500,1215,La Sierra University,Riverside,CA,www.lasierra.edu
117636,121800,1218,Loma Linda University,Loma Linda,CA,www.llu.edu/index.html
117645,121900,1219,Long Beach City College,Long Beach,CA,www.lbcc.edu
117672,122900,1229,Southern California University of Health Sciences,Whittier,CA,www.scuhs.edu
117690,122400,1224,Los Angeles Harbor College,Wilmington,CA,www.lahc.edu
117706,122600,1226,Los Angeles Pierce College,Woodland Hills,CA,www.piercecollege.edu
117715,704700,7047,Los Angeles Southwest College,Los Angeles,CA,www.lasc.edu
117724,122700,1227,Los Angeles Trade Technical College,Los Angeles,CA,www.lattc.edu
117733,122800,1228,Los Angeles Valley College,Valley Glen,CA,www.lavc.edu
117751,122000,1220,The Master s College and Seminary,Santa Clarita,CA,www.masters.edu
117788,122300,1223,Los Angeles City College,Los Angeles,CA,www.lacitycollege.edu/
117803,616500,6165,Los Angeles County College of Nursing and Allied Health,Los Angeles,CA,ladhs.org/wps/portal/CollegeofNursing
117867,1255000,12550,Los Angeles Mission College,Sylmar,CA,www.lamission.edu
117894,1034000,10340,Los Medanos College,Pittsburg,CA,www.losmedanos.edu
117928,2179943,21799,The Art Institute of California-Argosy University San Francisco,San Francisco,CA,www.artinstitutes.edu/san-francisco/
117946,1164900,11649,Loyola Marymount University,Los Angeles,CA,www.lmu.edu
117955,1186600,11866,Lu Ross Academy,Ventura,CA,www.lurossacademy.com/
118116,1231600,12316,Manchester Beauty College,Fresno,CA,www.manchesterbeautycollege.edu
118125,1231700,12317,Tulare Beauty College,Tulare,CA,www.tularebeautycollege.edu
118143,714200,7142,Lyles Fresno College of Beauty,Fresno,CA,lylescolleges.com
118161,1324000,13240,Lytles Redwood Empire Beauty College Inc,Santa Rosa,CA,www.lytles-rebc.com
118189,2546400,25464,MTI Business College Inc,Stockton,CA,www.mtistockton.com
118198,1291200,12912,MTI College,Sacramento,CA,sacramento.mticollege.edu
118259,2351900,23519,Kaplan College-Sacramento,Sacramento,CA,www.kaplancollege.com/sacramento-ca/
118277,2091700,20917,Kaplan College-San Diego,San Diego,CA,www.kaplancollege.com/san-diego-ca/
118286,2549000,25490,Kaplan College-Vista,Vista,CA,www.kaplancollege.com/vista-ca/
118347,117800,1178,College of Marin,Kentfield,CA,www.marin.edu
118356,747600,7476,Marinello Schools of Beauty-Los Angeles,Los Angeles,CA,www.marinello.com
11835602,747609,7476,Marinello School of Beauty,Whittier,CA,http://www.marinello.com
11835603,747604,7476,Marinello School of Beauty,Reseda,CA,http://www.marinello.com
11835605,747608,7476,Marinello School of Beauty,Ontario,CA,http://www.marinello.com
11835606,747611,7476,Marinello School of Beauty,San Diego,CA,http://www.marinello.com
11835607,747607,7476,Marinello School of Beauty,San Bernardino,CA,http://www.marinello.com
11835608,747606,7476,Marinello School of Beauty,West Covina,CA,http://www.marinello.com
11835609,747602,7476,Marinello School of Beauty,Los Angeles,CA,http://www.marinello.com
11835610,747603,7476,Marinello School of Beauty,Inglewood,CA,http://www.marinello.com
11835611,747612,7476,Marinello School of Beauty-El Cajon,El Cajon,CA,http://www.marinello.com
11835612,747613,7476,Marinello Schools of Beauty-Victorville,Victorville,CA,http://www.marinello.com
11835613,747614,7476,Marinello Schools of Beauty-Anaheim,Anaheim,CA,http://www.marinello.com
11835614,747615,7476,Marinello Schools of Beauty,Simi Valley,CA,http://www.marinello.com
11835615,747610,7476,Marinello Schools of Beauty-Lomita,Lomita,CA,http://www.marinello.com
118541,1047400,10474,Marymount California University,Rancho Palos Verdes,CA,www.MarymountCalifornia.edu
118684,1167200,11672,Mendocino College,Ukiah,CA,www.mendocino.edu
118693,123600,1236,Menlo College,Atherton,CA,www.menlo.edu
118718,123700,1237,Merced College,Merced,CA,www.mccd.edu
118772,126700,1267,Merritt College,Oakland,CA,www.merritt.edu
118888,123800,1238,Mills College,Oakland,CA,www.mills.edu
118912,123900,1239,MiraCosta College,Oceanside,CA,www.miracosta.edu
118921,2338700,23387,Marinello Schools of Beauty-San Francisco,San Francisco,CA,www.marinello.com
11892101,2338701,23387,Marinello School of Beauty-Chico,Chico,CA,http://www.marinello.com
11892102,2338702,23387,Marinello School of Beauty,Redding,CA,http://www.marinello.com
11892103,2338703,23387,Marinello School of Beauty-Fresno,Fresno,CA,http://www.marinello.com
118930,2119100,21191,Mission College,Santa Clara,CA,www.missioncollege.edu/
118958,720400,7204,Modern Beauty Academy,Oxnard,CA,www.modernbeautyacademy.org
118967,2539100,25391,Kaplan College-North Hollywood,North Hollywood,CA,www.kaplancollege.com/north-hollywood-ca/
118976,124000,1240,Modesto Junior College,Modesto,CA,mjc.edu
118994,2185800,21858,Moler Barber College,Oakland,CA,moler.org/Home_Page.html
119058,369110,3691,Monterey Institute of International Studies,Monterey,CA,www.miis.edu
119067,124200,1242,Monterey Peninsula College,Monterey,CA,www.mpc.edu
119137,711500,7115,Moorpark College,Moorpark,CA,www.moorparkcollege.edu/index.shtml
119164,124500,1245,Mt San Antonio College,Walnut,CA,www.mtsac.edu
119173,124300,1243,Mount St Mary s College,Los Angeles,CA,www.msmc.la.edu
11917301,124301,1243,Mount St. Mary s College - Doheny Campus,Los Angeles,CA,http://www.msmc.la.edu
119216,124600,1246,Mt San Jacinto Community College District,San Jacinto,CA,www.msjc.edu
119234,3933300,39333,Mueller College,San Diego,CA,www.mueller.edu
119270,2161800,21618,Musicians Institute,Hollywood,CA,www.mi.edu
119331,124700,1247,Napa Valley College,Napa,CA,www.napavalley.edu
119340,1102400,11024,Everest College-San Francisco,San Francisco,CA,www.bryman.edu
119359,1110900,11109,Everest College-Reseda,Reseda,CA,www.everest.edu/campus/reseda
119368,760600,7606,Everest College-LA Wilshire,Los Angeles,CA,bryman.edu/brymanla/
119438,1206100,12061,Everest College-San Jose,San Jose,CA,www.bryman.edu
119456,1112300,11123,Everest College-Gardena,Gardena,CA,www.everest.edu/campus/gardena
119465,809000,8090,Everest College-Alhambra,Alhambra,CA,www.everest.edu/campus/alhambra
119508,449400,4494,Everest College-San Bernardino,San Bernardino,CA,everest.edu/campus/san_bernardino
119544,2518400,25184,The National Hispanic University,San Jose,CA,www.nhu.edu
119553,2542300,25423,National Holistic Institute,Emeryville,CA,www.nhi.edu
119605,1146000,11460,National University,La Jolla,CA,www.nu.edu
119775,3043900,30439,Newschool of Architecture and Design,San Diego,CA,www.newschoolarch.edu
119845,713000,7130,Newberry School of Beauty,Granada Hills,CA,www.newberryschoolofbeauty.net
119951,718700,7187,Adrian s College of Beauty Modesto,Modesto,CA,www.adrians.edu
120069,1287200,12872,North-West College-Pomona,Pomona,CA,www.north-westcollege.edu
120078,1170700,11707,North-West College-West Covina,West Covina,CA,www.north-westcollege.edu
120087,2591600,25916,North-West College-Pasadena,Pasadena,CA,www.north-westcollege.edu
120184,117900,1179,Notre Dame de Namur University,Belmont,CA,www.ndnu.edu
120254,124900,1249,Occidental College,Los Angeles,CA,www.oxy.edu
120272,1298900,12989,Oceanside College of Beauty,Oceanside,CA,ocb.edu/
120290,448100,4481,Ohlone College,Fremont,CA,www.ohlone.edu
120342,125000,1250,Orange Coast College,Costa Mesa,CA,www.orangecoastcollege.edu/
120403,125100,1251,Otis College of Art and Design,Los Angeles,CA,www.otis.edu
120421,1284200,12842,Oxnard College,Oxnard,CA,www.oxnardcollege.edu
120537,125200,1252,Hope International University,Fullerton,CA,www.hiu.edu
120661,793000,7930,Concorde Career College-San Diego,San Diego,CA,www.concorde.edu
120698,2138300,21383,Palo Alto University,Palo Alto,CA,www.paloaltou.edu
120740,125400,1254,Pacific Lutheran Theological Seminary,Berkeley,CA,www.plts.edu
120768,125500,1255,Pacific Oaks College,Pasadena,CA,www.pacificoaks.edu
120795,125600,1256,Pacific School of Religion,Berkeley,CA,www.psr.edu
120838,3163300,31633,Pacific States University,Los Angeles,CA,www.psuca.edu
120865,125800,1258,Pacific Union College,Angwin,CA,www.puc.edu
120883,132900,1329,University of the Pacific,Stockton,CA,www.pacific.edu
120953,125900,1259,Palo Verde College,Blythe,CA,www.paloverde.edu
120971,126000,1260,Palomar College,San Marcos,CA,WWW.PALOMAR.EDU
121017,2059800,20598,Paris Beauty College,Concord,CA,www.Parisbeautycollege.com
121044,126100,1261,Pasadena City College,Pasadena,CA,www.pasadena.edu
121150,1014900,10149,Pepperdine University,Malibu,CA,www.pepperdine.edu/
121257,117200,1172,Pitzer College,Claremont,CA,www.pitzer.edu
121275,2304300,23043,Platt College-San Diego,San Diego,CA,www.platt.edu
121309,126200,1262,Point Loma Nazarene University,San Diego,CA,www.pointloma.edu
121345,117300,1173,Pomona College,Claremont,CA,www.pomona.edu
121363,126800,1268,Porterville College,Porterville,CA,www.portervillecollege.edu
121381,1162600,11626,Westwood College-South Bay,Torrance,CA,www.westwood.edu
121433,1298400,12984,Professional Institute of Beauty,El Monte,CA,www.pib.edu
121619,128400,1284,Santa Ana College,Santa Ana,CA,www.sac.edu
121628,1044100,10441,Pardee RAND Graduate School,Santa Monica,CA,www.prgs.edu
121637,4161700,41617,Shasta School of Cosmetology,Redding,CA,www.hambeltonbeauty.com
121691,132200,1322,University of Redlands,Redlands,CA,www.redlands.edu
121707,118500,1185,College of the Redwoods,Eureka,CA,www.redwoods.edu
121859,720300,7203,Salon Success Academy-Upland,Upland,CA,www.gotobeautyschool.com
121868,1309500,13095,Salon Success Academy-Corona,Corona,CA,www.gotobeautyschool.com
121886,126900,1269,Rio Hondo College,Whittier,CA,www.riohondo.edu
121901,127000,1270,Riverside City College,Riverside,CA,www.rcc.edu/riverside/
121983,2179908,21799,Argosy University-San Francisco Bay Area,Alameda,CA,www.argosy.edu/sanfrancisco
121992,1294200,12942,Rosemead Beauty School,Rosemead,CA,www.rosemead-beauty-school.com
122117,3109500,31095,Dongguk University-Los Angeles,Los Angeles,CA,dula.edu
122180,123300,1233,Sacramento City College,Sacramento,CA,www.scc.losrios.edu/
122205,891800,8918,Saddleback College,Mission Viejo,CA,www.saddleback.edu
122296,701200,7012,Samuel Merritt University,Oakland,CA,www.samuelmerritt.edu
122339,127300,1273,San Diego City College,San Diego,CA,www.sdcity.edu/
122366,3010611,30106,Golf Academy of America-Carlsbad,Carlsbad,CA,www.golfacademy.edu
122375,127500,1275,San Diego Mesa College,San Diego,CA,www.sdmesa.edu/
122384,1182000,11820,San Diego Miramar College,San Diego,CA,www.sdmiramar.edu/
122409,115100,1151,San Diego State University,San Diego,CA,www.sdsu.edu
122436,1039500,10395,University of San Diego,San Diego,CA,www.sandiego.edu
122454,394800,3948,San Francisco Art Institute,San Francisco,CA,www.sfai.edu
122506,127800,1278,San Francisco Conservatory of Music,San Francisco,CA,www.sfcm.edu
122597,115400,1154,San Francisco State University,San Francisco,CA,www.sfsu.edu
122603,127900,1279,San Francisco Theological Seminary,San Anselmo,CA,www.sfts.edu
122612,132500,1325,University of San Francisco,San Francisco,CA,www.usfca.edu/
122649,2500000,25000,San Joaquin College of Law,Clovis,CA,www.sjcl.edu
122658,128000,1280,San Joaquin Delta College,Stockton,CA,www.deltacollege.edu
12265801,128001,1280,San Joaquin General Hospital School of Radiation Technology,French Camp,CA,http://deltacollege.edu/div/hs/radiohome.html
122685,2120700,21207,San Joaquin Valley College-Visalia,Visalia,CA,www.sjvc.edu
12268501,2120705,21207,San Joaquin Valley College,Hanford,CA,http://www.sjvc.edu
12268502,2120700,21207,San Joaquin Valley College-Online,Visalia,CA,http://info.sjvc.edu/campus.php?selection=SJVCOnline&source_code=DTMKSR&source_campaign_id=636&affiliate_id=sjvc+college&dart_code=p308653487&gclid=CP
122694,2120703,21207,San Joaquin Valley College-Bakersfield,Bakersfield,CA,www.sjvc.edu/
122728,128100,1281,William Jessup University,Rocklin,CA,WWW.JESSUP.EDU
122746,128200,1282,San Jose City College,San Jose,CA,www.sjcc.edu
122755,115500,1155,San Jose State University,San Jose,CA,www.sjsu.edu
122791,118100,1181,College of San Mateo,San Mateo,CA,www.collegeofsanmateo.edu
122834,2577900,25779,Santa Barbara Business College-Bakersfield,Bakersfield,CA,sbbcollege.edu
122843,3072700,30727,Westwood College-Los Angeles,Los Angeles,CA,www.westwood.edu
122852,2578000,25780,Santa Barbara Business College-Santa Maria,Santa Maria,CA,sbbcollege.edu
122889,128500,1285,Santa Barbara City College,Santa Barbara,CA,www.sbcc.edu
122931,132600,1326,Santa Clara University,Santa Clara,CA,www.scu.edu
12293101,132604,1326,Jesuit School of Theology of Santa Clara University,Berkeley,CA,http://www.scu.edu/jst/
122977,128600,1286,Santa Monica College,Santa Monica,CA,www.smc.edu
123013,128700,1287,Santa Rosa Junior College,Santa Rosa,CA,www.santarosa.edu
123095,2120600,21206,Saybrook University,San Francisco,CA,www.saybrook.edu
123165,117400,1174,Scripps College,Claremont,CA,www.scrippscollege.edu
123208,719000,7190,Wyotech-Fremont,Fremont,CA,www.wyotech.edu/campus/fremont
123217,118600,1186,College of the Sequoias,Visalia,CA,www.cos.edu
123280,2359300,23593,Shasta Bible College and Graduate School,Redding,CA,www.shasta.edu
123299,128900,1289,Shasta College,Redding,CA,www.shastacollege.edu
123341,129000,1290,Sierra College,Rocklin,CA,www.sierracollege.edu
123350,2064300,20643,Sierra College of Beauty,Merced,CA,sierrabeautycollege.net
123396,2188400,21884,Sierra Valley College of Court Reporting,Fresno,CA,www.sierravalleycollege.edu
123448,177212,1772,Trinity Law School,Santa Ana,CA,www.tls.edu
123457,129100,1291,Simpson University,Redding,CA,www.simpsonu.edu
123484,118700,1187,College of the Siskiyous,Weed,CA,www.siskiyous.edu
123493,950900,9509,Charles A Jones Career and Education Center,Sacramento,CA,www.caj.scusd.edu
123509,771300,7713,Skyline College,San Bruno,CA,skylinecollege.edu
123527,127200,1272,San Bernardino Valley College,San Bernardino,CA,www.valleycollege.edu
123554,130200,1302,Saint Mary s College of California,Moraga,CA,www.stmarys-ca.edu
123563,129200,1292,Solano Community College,Fairfield,CA,www.solano.edu
123572,115600,1156,Sonoma State University,Rohnert Park,CA,www.sonoma.edu
123581,2608900,26089,Pinnacle College,Alhambra,CA,www.pinnaclecollege.edu
12358101,2608901,26089,Pinnacle College-Sacramento,Rancho Cordova,CA,http://www.pinnaclecollege.edu
123633,2597300,25973,South Baylo University,Anaheim,CA,WWW.SOUTHBAYLO.EDU
123642,2277400,22774,South Coast College,Orange,CA,SOUTHCOASTCOLLEGE.COM
123651,129300,1293,Vanguard University of Southern California,Costa Mesa,CA,www.vanguard.edu
123679,807100,8071,Concorde Career College-Garden Grove,Garden Grove,CA,www.concorde.edu
123800,129400,1294,Southwestern College,Chula Vista,CA,www.swccd.edu/
123916,408000,4080,Starr King School for Ministry,Berkeley,CA,www.sksm.edu
123943,123000,1230,Marshall B Ketchum University,Fullerton,CA,www.ketchum.edu
123952,2075800,20758,Southern California Institute of Architecture,Los Angeles,CA,www.sciarc.edu
123961,132800,1328,University of Southern California,Los Angeles,CA,www.usc.edu/
123970,129500,1295,Southwestern Law School,Los Angeles,CA,www.swlaw.edu
124113,130900,1309,Taft College,Taft,CA,www.taftcollege.edu
124283,128800,1288,Claremont School of Theology,Claremont,CA,www.cst.edu
124292,2358000,23580,Thomas Aquinas College,Santa Paula,CA,www.thomasaquinas.edu
124344,2054900,20549,Marinello Schools of Beauty-Lake Forest,Lake Forest,CA,www.marinello.com
12434401,2054902,20549,Marinello School of Beauty,Bakersfield,CA,http://www.marinello.com
12434402,2054903,20549,Marinello Schools of Beauty-Visalia,Visalia,CA,http://www.marinello.com
124487,3403300,34033,Epic Bible College,Sacramento,CA,EPIC.edu
124681,2559300,25593,United Education Institute-Huntington Park Campus,Huntington Park,CA,www.uei.edu/
12468104,2559304,25593,UEI College,Ontario,CA,http://www.ueicareers.com
12468105,2559305,25593,UEI College,Encino,CA,http://www.ueicareers.com
12468106,2559309,25593,UEI College,Chula Vista,CA,http://www.ueicareers.com
12468107,2559310,25593,UEI College,El Monte,CA,http://www.ueicareers.com
12468108,2559312,25593,UEI College,Anaheim,CA,http://www.ueicareers.com
12468109,2502700,25027,United Education Institute,Jacksonville,FL,http://www.uei.edu/
12468110,2559315,25593,UEI,Morrow,GA,NULL
12468111,2559317,25593,UEI College,San Marcos,CA,NULL
12468112,2559318,25593,UEI College,Stockton,CA,NULL
124706,853700,8537,Concorde Career College-San Bernardino,San Bernardino,CA,www.concorde.edu
124779,1244600,12446,Universal College of Beauty Inc-Los Angeles 1,Los Angeles,CA,Universalcollegeofbeautyinc.com
124937,760700,7607,Concorde Career College-North Hollywood,North Hollywood,CA,www.concorde.edu
125028,133400,1334,Ventura College,Ventura,CA,www.venturacollege.edu/
125082,2128200,21282,Victor Valley Beauty College Inc,Victorville,CA,www.victorvalleybeautycollege.com
125091,133500,1335,Victor Valley College,Victorville,CA,www.vvc.edu
125170,2242700,22427,Berkeley City College,Berkeley,CA,www.berkeleycitycollege.edu/wp/
125231,2504200,25042,Walden University,Minneapolis,MN,www.waldenu.edu
125310,2061600,20616,Waynes College of Beauty,Salinas,CA,www.waynescollegeofbeauty.com
125462,117600,1176,West Hills College-Coalinga,Coalinga,CA,www.westhillscollege.com
125471,859600,8596,West Los Angeles College,Culver City,CA,www.wlac.edu
125499,133800,1338,West Valley College,Saratoga,CA,www.westvalley.edu
125532,974800,9748,Carrington College California-Sacramento,Sacramento,CA,www.carrington.edu
125718,2276800,22768,Westminster Theological Seminary in California,Escondido,CA,www.wscal.edu
125727,134100,1341,Westmont College,Santa Barbara,CA,www.westmont.edu
125763,134200,1342,Whittier College,Whittier,CA,WWW.whittier.edu
125897,134300,1343,Woodbury University,Burbank,CA,woodbury.edu/
126012,884600,8846,The Wright Institute,Berkeley,CA,www.wi.edu
126030,2179937,21799,Western State College of Law at Argosy University,Fullerton,CA,www.wsulaw.edu
126049,1085400,10854,Thomas Jefferson School of Law,San Diego,CA,www.tjsl.edu
126076,2262400,22624,Yeshiva Ohr Elchonon Chabad West Coast Talmudical Seminary,Los Angeles,CA,www.yoec.edu/
126119,134400,1344,Yuba College,Marysville,CA,yc.yccd.edu
126164,2165200,21652,The Salon Professional Academy-Grand Junction,Grand Junction,CO,GrandJunctionBeautySchool.com
126182,134500,1345,Adams State University,Alamosa,CO,www.adams.edu
126207,758200,7582,Aims Community College,Greeley,CO,www.aims.edu
126289,134600,1346,Arapahoe Community College,Littleton,CO,www.arapahoe.edu
126359,1267000,12670,Bel-Rea Institute of Animal Technology,Denver,CO,www.bel-rea.com
126401,450300,4503,Everest College-Colorado Springs,Colorado Springs,CO,www.everest.edu/campus/colorado_springs
126562,450800,4508,University of Colorado Denver,Denver,CO,www.ucdenver.edu/
126580,450900,4509,University of Colorado Colorado Springs,Colorado Springs,CO,www.uccs.edu
126605,729700,7297,Redstone College,Broomfield,CO,www.redstone.edu
126614,137000,1370,University of Colorado Boulder,Boulder,CO,www.colorado.edu
126669,940100,9401,Colorado Christian University,Lakewood,CO,WWW.CCU.EDU
126678,134700,1347,Colorado College,Colorado Springs,CO,www.coloradocollege.edu
126687,887100,8871,Concorde Career College-Aurora,Aurora,CO,www.concorde.edu
126702,2078900,20789,The Art Institute of Colorado,Denver,CO,www.artinstitutes.edu/denver/
126711,450600,4506,Colorado Mountain College,Glenwood Springs,CO,www.coloradomtn.edu
126748,135900,1359,Colorado Northwestern Community College,Rangely,CO,www.cncc.edu
126775,134800,1348,Colorado School of Mines,Golden,CO,www.mines.edu
126784,1157200,11572,Colorado School of Trades,Lakewood,CO,schooloftrades.edu
126818,135000,1350,Colorado State University-Fort Collins,Fort Collins,CO,www.colostate.edu
126827,1014800,10148,Colorado Technical University-Colorado Springs,Colorado Springs,CO,www.coloradotech.edu/Colorado-Springs
12682701,1014815,10148,Colorado Technical University,Pueblo,CO,http://www.coloradotech.edu/Pueblo
126854,966407,9664,Empire Beauty School-Lakewood,Lakewood,CO,www.empire.edu
126863,2276900,22769,Community College of Aurora,Aurora,CO,www.ccaurora.edu
126872,2594300,25943,College America-Denver,Denver,CO,www.collegeamerica.edu
126915,2156200,21562,Delta Montrose Technical College,Delta,CO,www.dmtc.edu
126924,2296004,22960,Prince Institute-Rocky Mountains,Westminster,CO,www.princeinstitute.edu
126942,954200,9542,Community College of Denver,Denver,CO,www.ccd.edu
126951,793806,7938,Lincoln College of Technology-Denver,Denver,CO,www.lincolnedu.com
126979,135200,1352,Denver Seminary,Littleton,CO,www.denverseminary.edu
127024,754800,7548,Westwood College-Denver North,Denver,CO,www.westwood.edu
127060,137100,1371,University of Denver,Denver,CO,www.du.edu
127158,559600,5596,Emily Griffith Technical College,Denver,CO,www.emilygriffith.edu
127185,135300,1353,Fort Lewis College,Durango,CO,fortlewis.edu/
127200,793300,7933,Front Range Community College,Westminster,CO,www.frontrange.edu
127219,2267500,22675,Glenwood Beauty Academy,Glenwood Springs,CO,glenwoodbeautyacademy.org
127228,2518500,25185,Hair Dynamics Education Center,Fort Collins,CO,www.hairdynamics.com
127273,135400,1354,Iliff School of Theology,Denver,CO,www.iliff.edu
127316,1285000,12850,International Salon and Spa Academy,Colorado Springs,CO,www.issaco.edu
127389,135500,1355,Lamar Community College,Lamar,CO,www.lamarcc.edu
127556,135800,1358,Colorado Mesa University,Grand Junction,CO,www.coloradomesa.edu
127565,136000,1360,Metropolitan State University of Denver,Denver,CO,www.msudenver.edu/
127617,998100,9981,Morgan Community College,Fort Morgan,CO,www.morgancc.edu
127653,2117500,21175,Naropa University,Boulder,CO,www.naropa.edu
127680,405702,4057,National American University-Colorado Springs,Colorado Springs,CO,www.national.edu/locations/colorado/colorado-springs
127699,405703,4057,National American University-Denver,Denver,CO,www.national.edu/locations/colorado/denver
127714,1300700,13007,Nazarene Bible College,Colorado Springs,CO,www.nbc.edu
127732,136100,1361,Northeastern Junior College,Sterling,CO,www.njc.edu
127741,134900,1349,University of Northern Colorado,Greeley,CO,www.unco.edu
127778,136200,1362,Otero Junior College,La Junta,CO,WWW.OJC.EDU
127787,450700,4507,Everest College-Thornton,Thornton,CO,www.everest.edu/campus/thornton
127820,889600,8896,Pikes Peak Community College,Colorado Springs,CO,www.ppcc.edu
127839,863500,8635,Intellitec Medical Institute,Colorado Springs,CO,www.intellitecmedical.edu/
127884,2116300,21163,Pueblo Community College,Pueblo,CO,www.pueblocc.edu
127909,954300,9543,Red Rocks Community College,Lakewood,CO,www.rrcc.edu
127918,136300,1363,Regis University,Denver,CO,www.regis.edu/
127945,764900,7649,Rocky Mountain College of Art and Design,Lakewood,CO,www.rmcad.edu
127954,3306300,33063,Montessori Education Center of the Rockies,Boulder,CO,www.mecr.edu
128106,136500,1365,Colorado State University-Pueblo,Pueblo,CO,www.colostate-pueblo.edu
128151,1287500,12875,Pickens Technical College,Aurora,CO,www.pickenstech.org
128179,2253700,22537,Intellitec College-Colorado Springs,Colorado Springs,CO,www.IntelliTecCollege.edu
128188,3066900,30669,Intellitec College-Grand Junction,Grand Junction,CO,www.intellitec.edu
128258,136800,1368,Trinidad State Junior College,Trinidad,CO,www.trinidadstate.edu/
128337,757306,7573,Empire Beauty School-Thornton,Thornton,CO,www.empire.edu
128391,137200,1372,Western State Colorado University,Gunnison,CO,www.western.edu
128498,137400,1374,Albertus Magnus College,New Haven,CT,www.albertus.edu
128540,887300,8873,Paul Mitchell the School-Danbury,Danbury,CT,danbury.paulmitchell.edu
128577,1115000,11150,Asnuntuck Community College,Enfield,CT,www.Asnuntuck.edu
128674,2074000,20740,Branford Hall Career Institute-Branford Campus,Branford,CT,www.branfordhall.edu
128683,940700,9407,Lincoln College of New England-Southington,Southington,CT,www.lincolncollegene.edu
128726,618100,6181,Bridgeport Hospital School of Nursing,Bridgeport,CT,www.bridgeporthospital.org/bhsn/
128744,141600,1416,University of Bridgeport,Bridgeport,CT,www.bridgeport.edu
128771,137800,1378,Central Connecticut State University,New Britain,CT,www.ccsu.edu
128780,3234300,32343,Charter Oak State College,New Britain,CT,www.charteroak.edu
128896,2316600,23166,Connecticut Center for Massage Therapy-Newington,Newington,CT,www.ccmt.edu/programs.html
128902,137900,1379,Connecticut College,New London,CT,www.connecticutcollege.edu
128957,1041700,10417,Marinello Schools of Beauty-East Hartford,East Hartford,CT,www.marinello.com
129002,730500,7305,Porter and Chester Institute of Branford,Branford,CT,www.porterchester.com
129020,141700,1417,University of Connecticut,Storrs,CT,uconn.edu/
129154,2244900,22449,Goodwin College,East Hartford,CT,www.goodwin.edu
129181,730306,7303,Lincoln Technical Institute-East Windsor,East Windsor,CT,www.lincolntech.com
129215,142500,1425,Eastern Connecticut State University,Willimantic,CT,www.easternct.edu/
129242,138500,1385,Fairfield University,Fairfield,CT,fairfield.edu/
129349,2112700,21127,Northhaven Academy,North Haven,CT,northhaven.paulmitchell.edu
129367,763500,7635,Capital Community College,Hartford,CT,www.ccc.commnet.edu
129428,280301,2803,Rensselaer Hartford Graduate Center Inc,Hartford,CT,ewp.rpi.edu/index.html
129482,2106600,21066,Fox Institute of Business-West Hartford,West Hartford,CT,americaninstitute.edu
129491,138700,1387,Hartford Seminary,Hartford,CT,www.hartsem.edu
129525,142200,1422,University of Hartford,West Hartford,CT,www.hartford.edu
129534,138900,1389,Holy Apostles College and Seminary,Cromwell,CT,www.holyapostles.edu
129543,451300,4513,Housatonic Community College,Bridgeport,CT,www.hcc.commnet.edu
129613,1287700,12877,Sanford-Brown College-Farmington,Farmington,CT,www.sanfordbrown.edu
129686,3079400,30794,Lyme Academy College of Fine Arts,Old Lyme,CT,www.lymeacademy.edu
129695,139200,1392,Manchester Community College,Manchester,CT,www.mcc.commnet.edu/
129729,698200,6982,Naugatuck Valley Community College,Waterbury,CT,www.nv.edu
129756,803800,8038,Middlesex Community College,Middletown,CT,www.mxcc.commnet.edu
129774,139300,1393,Mitchell College,New London,CT,www.mitchell.edu
129808,976500,9765,Three Rivers Community College,Norwich,CT,www.trcc.commnet.edu
129923,730300,7303,Lincoln Technical Institute-New Britain,New Britain,CT,www.lincolnedu.com
129932,2202500,22025,New England Tractor Trailer Training School of Connecticut,Somers,CT,WWW.NETTTS.COM
129941,139700,1397,University of New Haven,West Haven,CT,www.newhaven.edu
129969,2112300,21123,Ridley-Lowell Business & Technical Institute-New London,New London,CT,www.ridley.edu
130004,139900,1399,Norwalk Community College,Norwalk,CT,www.ncc.commnet.edu
130040,139800,1398,Northwestern Connecticut Community College,Winsted,CT,www.nwcc.commnet.edu
130110,745900,7459,Paier College of Art Inc,Hamden,CT,www.paiercollegeofart.edu
130129,887400,8874,Marinello Schools of Beauty-Meriden,Meriden,CT,www.marinello.com
13012901,887401,8874,Marinello School of Beauty-Hamden,Hamden,CT,http://www.marinello.com
13012902,887402,8874,Marinello School of Beauty-Fairfield,Fairfield,CT,http://www.marinello.com
13012903,887403,8874,Marinello School of Beauty-Willimantic,Willimantic,CT,http://www.marinello.com
130174,1077900,10779,Porter and Chester Institute of Stratford,Stratford,CT,www.porterchester.com
13017401,1077910,10779,Porter and Chester Institute of Rocky Hill,Rocky Hill,CT,http://www.porterchester.com
13017402,1077903,10779,Porter and Chester Institute of Enfield,Enfield,CT,http://www.porterchester.com
13017403,1077902,10779,Porter and Chester Institute of Watertown,Watertown,CT,http://www.porterchester.com
13017404,1077905,10779,Porter and Chester Institute of Chicopee,Chicopee,MA,http://www.porterchester.com
13017405,1077906,10779,Porter and Chester Institute of Westborough,Westborough,MA,http://www.porterchester.com
13017406,1077914,10779,Porter and Chester Institute of Canton,Canton,MA,http://www.porterchester.com
13017407,1077916,10779,Porter and Chester Institute of Woburn,Woburn,MA,http://www.porterchester.com
130183,140100,1401,Post University,Waterbury,CT,www.post.edu/
130217,1053000,10530,Quinebaug Valley Community College,Danielson,CT,www.qvcc.edu
130226,140200,1402,Quinnipiac University,Hamden,CT,www.quinnipiac.edu
130253,140300,1403,Sacred Heart University,Fairfield,CT,www.sacredheart.edu
130314,140900,1409,University of Saint Joseph,West Hartford,CT,www.usj.edu
130396,803700,8037,Gateway Community College,New Haven,CT,www.gwcc.commnet.edu/
130448,619100,6191,St Vincent s College,Bridgeport,CT,www.stvincentscollege.edu
130493,140600,1406,Southern Connecticut State University,New Haven,CT,www.southernct.edu
130509,1242500,12425,Stone Academy-Hamden,West Haven,CT,www.stoneacademy.com
130581,2546000,25460,Tri-State College of Acupuncture,New York,NY,www.TSCA.edu
130590,141400,1414,Trinity College,Hartford,CT,www.Trincoll.edu
130606,976400,9764,Tunxis Community College,Farmington,CT,www.tunxis.edu
130697,142400,1424,Wesleyan University,Middletown,CT,www.wesleyan.edu
130776,138000,1380,Western Connecticut State University,Danbury,CT,www.wcsu.edu
130785,2296100,22961,Yale-New Haven Hospital Dietetic Internship,New Haven,CT,www.ynhh.org
130794,142600,1426,Yale University,New Haven,CT,www.yale.edu
130837,2125200,21252,Beebe Medical Center Margaret H Rollins School of Nursing,Lewes,DE,www.beebeschoolofnursing.org
130873,3025800,30258,Dawn Career Institute Inc,Wilmington,DE,www.dawncareerinstitute.edu
130891,705300,7053,Delaware Technical Community College-Owens,Georgetown,DE,https://www.dtcc.edu/our-campuses/georgetown
130907,1172700,11727,Delaware Technical Community College-Terry,Dover,DE,https://www.dtcc.edu/our-campuses/dover
130916,2144900,21449,Delaware Technical Community College-Stanton/Wilmington,Wilmington,DE,https://www.dtcc.edu/our-campuses/wilmington
130934,142800,1428,Delaware State University,Dover,DE,www.desu.edu
130943,143100,1431,University of Delaware,Newark,DE,www.udel.edu/
130989,142900,1429,Goldey-Beacom College,Wilmington,DE,www.gbc.edu
131061,2190400,21904,Schilling-Douglas School of Hair Design,Newark,DE,schillingdouglas.com/
131098,143300,1433,Wesley College,Dover,DE,www.wesley.edu
131113,794800,7948,Wilmington University,New Castle,DE,www.wilmu.edu
131159,143400,1434,American University,Washington,DC,WWW.AMERICAN.EDU
131283,143700,1437,Catholic University of America,Washington,DC,www.cua.edu
131308,1195000,11950,Corcoran College of Art and Design,Washington,DC,www.corcoran.edu
131399,144100,1441,University of the District of Columbia,Washington,DC,www.udc.edu
131405,1280300,12803,Pontifical Faculty of the Immaculate Conception at the Dominican House of Studies,Washington,DC,www.dhs.edu/
131450,144300,1443,Gallaudet University,Washington,DC,www.gallaudet.edu
131469,144400,1444,George Washington University,Washington,DC,www.gwu.edu
131496,144500,1445,Georgetown University,Washington,DC,www.georgetown.edu
131520,144800,1448,Howard University,Washington,DC,www.howard.edu
131742,2588900,25889,Medtech Institute,Falls Church,VA,medtech.edu
131803,145900,1459,Strayer University-District of Columbia,Washington,DC,www.strayer.edu/district-columbia/washington
13180301,145904,1459,Strayer University-Takoma Park Campus,Washington,DC,http://www.strayer.edu/district-columbia/takoma-park
131830,2132800,21328,National Conservatory of Dramatic Arts,Washington,DC,www.theconservatory.org
131876,146000,1460,Trinity Washington University,Washington,DC,www.trinitydc.edu
131973,146400,1464,Wesley Theological Seminary,Washington,DC,www.wesleyseminary.edu/
132268,2346200,23462,Wyotech-Daytona,Ormond Beach,FL,www.wyotech.com
132338,1019500,10195,The Art Institute of Fort Lauderdale,Fort Lauderdale,FL,www.aifl.edu
132374,1226300,12263,Atlantic Technical Center,Coconut Creek,FL,www.atlantictechcenter.com
132408,2159600,21596,The Baptist College of Florida,Graceville,FL,www.baptistcollege.edu
132471,146600,1466,Barry University,Miami,FL,www.barry.edu
13247101,146601,1466,Barry University Law School,Orlando,FL,http://weblaw.barry.edu/
132523,1112700,11127,Gooding Institute of Nurse Anesthesia,Panama City,FL,www.baymedical.org
132602,146700,1467,Bethune-Cookman University,Daytona Beach,FL,www.cookman.edu
132657,150500,1505,Lynn University,Boca Raton,FL,www.lynn.edu
132666,2200100,22001,GUTI The Premier Beauty & Wellness Academy,Bradenton,FL,www.mybeautyacademy.com
132675,3382300,33823,Bradford-Union Technical Center,Starke,FL,www.butc.edu
132693,147000,1470,Eastern Florida State College,Cocoa,FL,www.easternflorida.edu
132709,150000,1500,Broward College,Fort Lauderdale,FL,www.broward.edu
132806,2245500,22455,Fortis College-Winter Park,Winter Park,FL,www.fortis.edu
132842,1072401,10724,Carlos Albizu University-Miami,Miami,FL,www.mia.albizu.edu
132851,147100,1471,College of Central Florida,Ocala,FL,www.cf.edu
132879,2156700,21567,Johnson University Florida,Kissimmee,FL,www.fcc.edu
132903,395400,3954,University of Central Florida,Orlando,FL,www.ucf.edu/
132976,2297000,22970,Charlotte Technical Center,Port Charlotte,FL,www.yourcharlotteschools.net/ctc
133021,147200,1472,Chipola College,Marianna,FL,www.chipola.edu
133085,147300,1473,Clearwater Christian College,Clearwater,FL,www.clearwater.edu
133155,1323400,13234,Lorenzo Walker Institute of Technology,Naples,FL,lwit.edu
133386,147500,1475,Daytona State College,Daytona Beach,FL,www.DaytonaState.edu
133465,1303904,13039,South University-West Palm Beach,Royal Palm Beach,FL,www.southuniversity.edu
133492,148700,1487,Eckerd College,Saint Petersburg,FL,www.eckerd.edu
133508,147700,1477,Edison State College,Fort Myers,FL,www.edison.edu
133526,147800,1478,Edward Waters College,Jacksonville,FL,www.ewc.edu
133553,147900,1479,Embry-Riddle Aeronautical University-Daytona Beach,Daytona Beach,FL,www.erau.edu
133650,148000,1480,Florida Agricultural and Mechanical University,Tallahassee,FL,www.famu.edu
133669,148100,1481,Florida Atlantic University,Boca Raton,FL,www.fau.edu/
133702,148400,1484,Florida State College at Jacksonville,Jacksonville,FL,www.fscj.edu
133711,789300,7893,Flagler College-St Augustine,Saint Augustine,FL,www.flagler.edu
133809,148200,1482,Florida College,Temple Terrace,FL,www.floridacollege.edu
133845,2089600,20896,Concorde Career Institute-Jacksonville,Jacksonville,FL,www.concorde.edu
133854,2275100,22751,Concorde Career Institute-Miramar,Miramar,FL,www.concorde.edu
133863,2172700,21727,Concorde Career Institute-Tampa,Tampa,FL,www.concorde.edu
133872,3115500,31155,Adventist University of Health Sciences,Orlando,FL,www.adu.edu
133881,146900,1469,Florida Institute of Technology,Melbourne,FL,www.fit.edu
133942,2329900,23299,Florida Institute of Ultrasound Inc,Pensacola,FL,www.fiuonline.net
133951,963500,9635,Florida International University,Miami,FL,www.fiu.edu
133960,148500,1485,Florida Keys Community College,Key West,FL,www.fkcc.edu
133979,148600,1486,Florida Memorial University,Miami Gardens,FL,www.fmuniv.edu
133997,2305800,23058,Florida Career College-Miami,Miami,FL,www.careercollege.edu
134024,4129900,41299,Florida School of Massage,Gainesville,FL,www.floridaschoolofmassage.com/
134079,148800,1488,Florida Southern College,Lakeland,FL,www.flsouthern.edu
134097,148900,1489,Florida State University,Tallahassee,FL,www.fsu.edu
134112,2218700,22187,Florida Technical College,Orlando,FL,www.ftccollege.edu
134121,2598200,25982,University of Southernmost Florida,Jacksonville,FL,www.usmf.edu
13412101,2598203,25982,University of Southernmost Florida-Coral Gables Campus,Coral Gables,FL,http://www.usmf.edu
134130,153500,1535,University of Florida,Gainesville,FL,www.ufl.edu/
134149,814600,8146,Everest University-Pompano Beach,Pompano Beach,FL,www.everest.edu/campus/pompano_beach
134228,2338400,23384,Fort Pierce Beauty Academy,Fort Pierce,FL,fpbeauty.com
134237,2362100,23621,Full Sail University,Winter Park,FL,www.fullsail.edu
134291,2307400,23074,George Stone Technical Center,Pensacola,FL,www.georgestonecenter.com
134307,3079800,30798,George T Baker Aviation School,Miami,FL,www.bakeraviation.edu
134343,149000,1490,Gulf Coast State College,Panama City,FL,www.gulfcoast.edu/default.htm
134422,2325100,23251,Key College,Dania Beach,FL,www.keycollege.edu
134495,787000,7870,Hillsborough Community College,Tampa,FL,www.hccfl.edu
134510,2188900,21889,Hobe Sound Bible College,Hobe Sound,FL,www.hsbc.edu
134529,4162500,41625,Hollywood Institute of Beauty Careers,Hollywood,FL,www.hi.edu
134574,2279600,22796,Cortiva Institute-Florida,Pinellas Park,FL,www.cortiva.com
134608,149300,1493,Indian River State College,Fort Pierce,FL,www.irsc.edu
134680,3031400,30314,International Academy of Design and Technology-Tampa,Tampa,FL,www.iadt.edu/tampa
134714,2257900,22579,International Academy,South Daytona,FL,www.intl-academy.com
134811,887800,8878,AI Miami International University of Art and Design,Miami,FL,www.artinstitutes.edu/miami/
134909,732910,7329,ITT Technical Institute-Tampa,Tampa,FL,www.itt-tech.edu
134945,149500,1495,Jacksonville University,Jacksonville,FL,www.jacksonville.edu
135063,149700,1497,Jones College-Jacksonville,Jacksonville,FL,www.jones.edu
135081,2151900,21519,Keiser University-Ft Lauderdale,Fort Lauderdale,FL,www.keiseruniversity.edu
13508101,2151901,21519,Keiser University-Melbourne,Melbourne,FL,http://www.keiseruniversity.edu
13508102,2151902,21519,Keiser University-Tallahassee,Tallahassee,FL,http://www.keiseruniversity.edu
13508103,2151904,21519,Keiser University-Daytona,Daytona Beach,FL,http://www.keiseruniversity.edu
13508104,2151906,21519,Keiser University-Lakeland,Lakeland,FL,http://www.keiseruniversity.edu
13508105,2151908,21519,Keiser University- Miami,Miami,FL,http://www.keiseruniversity.edu
13508106,2151909,21519,Keiser University-Orlando,Orlando,FL,http://www.keiseruniversity.edu
13508107,2151903,21519,Keiser University-Sarasota,Sarasota,FL,http://www.keiseruniversity.edu
13508108,2151910,21519,Keiser University-Jacksonville,Jacksonville,FL,http://www.keiseruniversity.edu
13508109,2151914,21519,Keiser University-Tampa,Tampa,FL,http://www.keiseruniversity.edu
13508110,2151913,21519,Keiser University-Pembroke Pines,Pembroke Pines,FL,http://www.keiseruniversity.edu
13508111,2151911,21519,Keiser University-Port St Lucie,Port St Lucie,FL,http://www.keiseruniversity.edu
13508112,2151912,21519,Keiser University-West Palm Beach,West Palm Beach,FL,http://www.keiseruniversity.edu
13508113,2151917,21519,Keiser University-Ft Myers,Ft Myers,FL,http://www.keiseruniversity.edu
135124,2597100,25971,Heritage Institute-Ft Myers,Fort Myers,FL,heritage-education.com
135142,2287100,22871,La Belle Beauty School,Hialeah,FL,labellebeauty.net
135160,150100,1501,Florida Gateway College,Lake City,FL,https://www.fgc.edu/
135179,2228300,22283,Lake Technical Center,Eustis,FL,www.laketech.org
135188,150200,1502,Lake-Sumter State College,Leesburg,FL,www.lssc.edu
135267,755800,7558,Fort Myers Institute of Technology,Fort Myers,FL,www.fortmyerstech.edu
135276,558500,5585,Lively Technical Center,Tallahassee,FL,www.livelytech.com
135294,558600,5586,Lindsey Hopkins Technical Education Center,Miami,FL,lindsey.dadeschools.net
135337,1016100,10161,Loraines Academy Inc,Saint Petersburg,FL,www.lorainesacademy.edu/
135364,3100900,31009,Luther Rice University & Seminary,Lithonia,GA,www.LRU.edu
135391,150400,1504,State College of Florida-Manatee-Sarasota,Bradenton,FL,www.scf.edu
135407,561200,5612,Manatee Technical Institute,Bradenton,FL,manateetech.edu/
135416,2148300,21483,Manhattan Hairstyling Academy,Tampa,FL,www.manhattanhairstylingacademy.com
13541601,2148301,21483,Manhattan Hairstyling Academy - North,Tampa,FL,http://www.manhattanhairstylingacademy.com
135522,560800,5608,Traviss Career Center,Lakeland,FL,www.traviss.edu
135610,177201,1772,Trinity International University-Florida,Davie,FL,www.florida.tiu.edu
135647,2316200,23162,Miami Lakes Educational Center,Miami Lakes,FL,mlec.dadeschools.net
135717,150600,1506,Miami Dade College,Miami,FL,www.mdc.edu/main/
135726,153600,1536,University of Miami,Coral Gables,FL,www.miami.edu/
135735,2501500,25015,Mid Florida Tech,Orlando,FL,www.ocpstechcenters.net/MidFloridaTech
135771,2283801,22838,Beauty Schools of America-Miami,Miami,FL,www.bsa.edu/
135939,3026508,30265,Remington College-Tampa Campus,Tampa,FL,www.remingtoncollege.edu/tampa-technical-school-overview
135957,2121800,21218,Everest Institute-North Miami,Miami,FL,www.everest.edu/campus/miami
136048,3113400,31134,Academy of Healing Arts Massage & Facial Skin Care,Lake Worth,FL,www.ahamassage.com
136066,1246117,12461,Lincoln College of Technology-West Palm Beach,West Palm Beach,FL,www.lincolntech.com
136109,2149900,21499,Paul Mitchell the School-Jacksonville,Jacksonville,FL,jacksonville.paulmitchell.edu
136145,150800,1508,North Florida Community College,Madison,FL,www.nfcc.edu
136172,984100,9841,University of North Florida,Jacksonville,FL,www.unf.edu
136206,407215,4072,Northwood University-Florida,West Palm Beach,FL,www.northwood.edu
136215,150900,1509,Nova Southeastern University,Fort Lauderdale,FL,www.nova.edu
136233,151000,1510,Northwest Florida State College,Niceville,FL,www.nwfsc.edu/
136288,149900,1499,Everest University-North Orlando,Orlando,FL,www.everest.edu/campus/north_orlando
136303,2513200,25132,Orlando Tech,Orlando,FL,www.orlandotech.ocps.net
136330,884900,8849,Palm Beach Atlantic University,West Palm Beach,FL,www.pba.edu
136358,151200,1512,Palm Beach State College,Lake Worth,FL,www.palmbeachstate.edu/
136400,1065200,10652,Pasco-Hernando Community College,New Port Richey,FL,www.phcc.edu
136473,151300,1513,Pensacola State College,Pensacola,FL,www.pensacolastate.edu
136491,560500,5605,Pinellas Technical Education Center-Clearwater,Clearwater,FL,www.myptec.org
136516,151400,1514,Polk State College,Winter Haven,FL,www.polk.edu
136659,2554200,25542,Radford M Locklin Technical Center,Milton,FL,www.locklintech.com
136701,822300,8223,Saint Vincent de Paul Regional Seminary,Boynton Beach,FL,www.svdp.edu
136765,2511700,25117,Ridge Career Center,Winter Haven,FL,www.ridge.edu/
136774,1257400,12574,Ringling College of Art and Design,Sarasota,FL,www.ringling.edu
136783,910400,9104,Toni & Guy Hairdressing Academy-Jacksonville,Jacksonville,FL,toniguy.com/academy/jacksonville_academy/default.aspx
136826,2524200,25242,Robert Morgan Educational Center,Miami,FL,rmec.dadeschools.net
136950,151500,1515,Rollins College,Winter Park,FL,www.rollins.edu
137023,1254400,12544,First Coast Technical College,Saint Augustine,FL,fctc.edu/
137032,152600,1526,Saint Leo University,Saint Leo,FL,www.saintleo.edu
137078,152800,1528,St Petersburg College,Clearwater,FL,www.spcollege.edu
137087,2115300,21153,Pinellas Technical Education Center-St Petersburg,Saint Petersburg,FL,myptec.org
137096,151900,1519,Santa Fe College,Gainesville,FL,www.sfcollege.edu
137120,560700,5607,Sarasota County Technical Institute,Sarasota,FL,www.scti.edu
137148,2179918,21799,Argosy University-Sarasota,Sarasota,FL,www.argosy.edu/sarasota/
137209,152000,1520,Seminole State College of Florida,Sanford,FL,www.seminolestate.edu/
137245,990200,9902,Sheridan Technical Center,Hollywood,FL,www.SheridanTechnical.com
137272,807500,8075,Saint John Vianney College Seminary,Miami,FL,sjvcs.edu
137281,152300,1523,Saint Johns River State College,Palatka,FL,www.sjrstate.edu
137315,152200,1522,South Florida State College,Avon Park,FL,www.southflorida.edu
137351,153700,1537,University of South Florida-Main Campus,Tampa,FL,www.usf.edu
137476,146800,1468,St Thomas University,Miami Gardens,FL,www.stu.edu
137537,841700,8417,Stenotype Institute of Jacksonville Inc-Jacksonville,Jacksonville,FL,www.stenotype.edu
137546,153100,1531,Stetson University,DeLand,FL,www.stetson.edu
137564,152100,1521,Southeastern University,Lakeland,FL,www.seu.edu/
137591,3018500,30185,Benes International School of Beauty,New Port Richey,FL,https://www.bisbschoolfl.com/
137713,752500,7525,Suwannee-Hamilton Technical Center,Live Oak,FL,suwannee.shtc.schooldesk.net/
137759,153300,1533,Tallahassee Community College,Tallahassee,FL,https://www.tcc.fl.edu
137777,2508900,25089,Talmudic College of Florida,Miami Beach,FL,www.talmudicu.edu
137801,153400,1534,Everest University-Tampa,Tampa,FL,www.everest.edu/campus/tampa
137810,2599800,25998,Everest University-Largo,Largo,FL,www.everest.edu/campus/largo
137847,153800,1538,The University of Tampa,Tampa,FL,www.ut.edu
137856,3100800,31008,Taylor Technical Institute,Perry,FL,www.taylortech.org
137865,1082600,10826,Tom P Haney Technical Center,Panama City,FL,www.bayschools.com/htc
137953,3101900,31019,Trinity Baptist College,Jacksonville,FL,www.tbc.edu
137962,3028200,30282,Trinity College of Florida,Trinity,FL,trinitycollege.edu
138132,2148200,21482,Fashion Focus Hair Academy,Sarasota,FL,www.fashionfocusacad.com
138187,675000,6750,Valencia College,Orlando,FL,valenciacollege.edu
138275,884800,8848,Warner University,Lake Wales,FL,www.warner.edu
138284,752600,7526,Washington-Holmes Technical Center,Chipley,FL,whtc.us
138293,154000,1540,Webber International University,Babson Park,FL,www.webber.edu
138309,869410,8694,Rasmussen College-Florida,Ocala,FL,rasmussen.edu
13830901,869411,8694,Rasmussen College-New Port Richey,New Port Richey,FL,http://www.rasmussen.edu
13830902,869413,8694,Rasmussen College-Fort Myers,Fort Myers,FL,http://www.rasmussen.edu
13830903,869420,8694,Rasmussen College-Tampa/Brandon,Tampa,FL,http://www.rasmussen.edu
13830904,869422,8694,Rasmussen College-Land O  Lakes,Land O Lakes,FL,NULL
138354,395500,3955,The University of West Florida,Pensacola,FL,uwf.edu
138372,2321200,23212,Westside Tech,Winter Garden,FL,www.ocpstechcenters.net/WestsideTech/Pages/default.aspx
138479,3003600,30036,William T McFatter Technical Center,Davie,FL,www.mcfattertech.com
138488,2504600,25046,Winter Park Tech,Winter Park,FL,www.wpt.ocps.net
138497,2300900,23009,Withlacoochee Technical Institute,Inverness,FL,www.wtionline.cc
138558,154100,1541,Abraham Baldwin Agricultural College,Tifton,GA,www.abac.edu
138600,154200,1542,Agnes Scott College,Decatur,GA,www.agnesscott.edu
138655,2284300,22843,Interactive College of Technology-Chamblee,Chamblee,GA,www.ict.edu
138664,2284308,22843,Interactive College of Technology-Morrow,Morrow,GA,ict.edu
138682,560100,5601,Albany Technical College,Albany,GA,www.albanytech.edu
138691,154300,1543,Darton State College,Albany,GA,www.darton.edu
138716,154400,1544,Albany State University,Albany,GA,www.asurams.edu/
138761,154500,1545,Andrew College,Cuthbert,GA,www.andrewcollege.edu
138789,154600,1546,Armstrong Atlantic State University,Savannah,GA,www.armstrong.edu
138813,927000,9270,The Art Institute of Atlanta,Atlanta,GA,www.artinstitutes.edu/atlanta
138822,3005400,30054,Georgia Career Institute,Conyers,GA,gci.edu/
138840,854300,8543,Atlanta Technical College,Atlanta,GA,www.atlantatech.edu/
138868,154700,1547,Point University,West Point,GA,www.point.edu
138901,1216500,12165,Atlanta Metropolitan State College,Atlanta,GA,www.atlm.edu
138929,3173300,31733,Atlanta s John Marshall Law School,Atlanta,GA,www.johnmarshall.edu
138938,2580200,25802,Atlanta School of Massage,Atlanta,GA,www.atlantaschoolofmassage.com
138947,155900,1559,Clark Atlanta University,Atlanta,GA,www.cau.edu
138956,559900,5599,Augusta Technical College,Augusta,GA,www.augustatech.edu
139010,1107400,11074,Bainbridge State College,Bainbridge,GA,www.bainbridge.edu
139074,1157400,11574,Bauder College,Atlanta,GA,www.bauder.edu/
139092,2577700,25777,Beauty College of America,Forest Park,GA,NULL
139144,155400,1554,Berry College,Mount Berry,GA,www.berry.edu
139153,3076300,30763,Beulah Heights University,Atlanta,GA,www.beulah.edu
139199,155600,1556,Brenau University,Gainesville,GA,www.brenau.edu
139205,155700,1557,Brewton-Parker College,Mount Vernon,GA,www.bpc.edu
139214,2060900,20609,Brown College of Court Reporting,Atlanta,GA,www.bccr.edu
139250,155800,1558,College of Coastal Georgia,Brunswick,GA,www.ccga.edu
139278,1048700,10487,West Georgia Technical College,Waco,GA,www.westgatech.edu
139287,3635300,36353,Carver Bible College,Atlanta,GA,www.carver.edu
139311,897600,8976,Clayton State University,Morrow,GA,www.clayton.edu
139348,156000,1560,Columbia Theological Seminary,Decatur,GA,WWW.CTSNET.EDU
139357,562400,5624,Columbus Technical College,Columbus,GA,www.columbustech.edu/
139366,156100,1561,Columbus State University,Columbus,GA,www.columbusstate.edu
139384,402400,4024,Georgia Northwestern Technical College,Rome,GA,www.gntc.edu
139393,348400,3484,Covenant College,Lookout Mountain,GA,www.covenant.edu
139463,395600,3956,Dalton State College,Dalton,GA,www.daltonstate.edu/
139506,1205100,12051,Pro Way Hair School,Stone Mountain,GA,www.prowayhairschool.com
139579,1303900,13039,South University-Savannah,Savannah,GA,www.southuniversity.edu
139621,1099700,10997,East Georgia State College,Swainsboro,GA,www.ega.edu
139630,156300,1563,Emmanuel College,Franklin Springs,GA,www.ec.edu
139658,156400,1564,Emory University,Atlanta,GA,www.emory.edu
139700,950700,9507,Georgia Highlands College,Rome,GA,www.highlands.edu
139719,156600,1566,Fort Valley State University,Fort Valley,GA,www.fvsu.edu
139746,411700,4117,Grady Health System Professional Schools,Atlanta,GA,www.gradyhealthsystem.org
139755,156900,1569,Georgia Institute of Technology-Main Campus,Atlanta,GA,www.gatech.edu
139764,157300,1573,Georgia Southwestern State University,Americus,GA,gsw.edu/main/
139861,160200,1602,Georgia College and State University,Milledgeville,GA,WWW.GCSU.EDU
139904,157100,1571,Georgia Military College,Milledgeville,GA,www.gmc.cc.ga.us/
13990401,157110,1571,GMC-Sandersville,Sandersville,GA,http://www.gmc.cc.ga.us/
13990402,157111,1571,GMC-Madison,Madison,GA,http://www.gmc.cc.ga.us/
139931,157200,1572,Georgia Southern University,Statesboro,GA,www.georgiasouthern.edu
139940,157400,1574,Georgia State University,Atlanta,GA,www.gsu.edu
139959,159800,1598,University of Georgia,Athens,GA,www.uga.edu
139968,157500,1575,Gordon State College,Barnesville,GA,www.gordonstate.edu/
139986,562100,5621,Southern Crescent Technical College,Griffin,GA,www.sctech.edu
139995,1077100,10771,Gupton Jones College of Funeral Service,Decatur,GA,WWW.GUPTON-JONES.EDU
140003,2583000,25830,Gwinnett College-Lilburn,Lilburn,GA,www.gwinnettcollege.edu
140012,2288400,22884,Gwinnett Technical College,Lawrenceville,GA,www.GwinnettTech.edu